number	total	status	placed_at	note	sku	qty	price	ratio	flag
1	120.50	paid	2026-09-20	first order	ABC-1	12	9.99	0.25	true
2	42.00	pending	2026-09-21		ABC-2	400	0.10	1e-3	false
3	0.00	cancelled	2026-09-21	duplicate of #1	ABC-3	0	-1.5	-0.0	false
4	88.25	paid	2026-09-22	gift wrap	ABC-4	3	1_000	NaN	true
5	15.00	paid	2026-09-23						
6	230.00	paid	2026-09-24	has "quotes" inside	ABC-6	7	0xFF	Infinity	TRUE
7	1,234.50	pending	2026-09-24T10:30:00Z	comma, inside a field	ABC-7	12	12.5	1.5E+10	false
8	0	paid	24/09/2026	literal backslash-t \t and backslash-n \n	ABC-8	1	3	0.5	true
9	7	shipped	2026-09-25	Zürich — größe ✓ 🏭 在庫	ABC-9	5	2	1	true
10	  padded  	paid		  leading and trailing spaces  	ABC-10				
11	99.99	paid	2026-09-26	'single quotes' and `backticks` and <html> & entities	ABC-11	2	4	0.3	false
12	-5	refund	2026-09-27	negative total	ABC-12	-1	-2.50	-1	false
13	1	paid	2026-09-28	https://example.com/orders/13?a=1&b=2	ABC-13	1	1	1	true
14									
15	3	paid	2026-09-30	last row ends without extra tabs	ABC-15	4	5	6	false
